{
  "controller/View1-dbg.controller.js": 1614442823674,
  "manifest.json": 1614446779728,
  "model/models.js": 1614442823678,
  "controller/View1.controller.js": 1614442823674,
  "Component.js": 1614442823674,
  "manifest-bundle.zip": 1614446779544,
  "Component-preload.js": 1614446779707,
  "model/models-dbg.js": 1614442823678,
  "i18n/i18n.properties": 1614442823678,
  "Component-dbg.js": 1614442823674,
  "resources.json": 1614446779730,
  "view/View1.view.xml": 1614443555387,
  "css/style.css": 1614442823674,
  "index.html": 1614442823674
}